{
  "IcoMoonType": "selection",
  "icons": [
    {
      "icon": {
        "paths": [
          "M128 512h768",
          "M128 256h768",
          "M128 768h768"
        ],
        "attrs": [
          {
            "fill": "none",
            "strokeLinejoin": "round",
            "strokeLinecap": "round",
            "strokeMiterlimit": "4",
            "strokeWidth": 85.33333333333333
          },
          {
            "fill": "none",
            "strokeLinejoin": "round",
            "strokeLinecap": "round",
            "strokeMiterlimit": "4",
            "strokeWidth": 85.33333333333333
          },
          {
            "fill": "none",
            "strokeLinejoin": "round",
            "strokeLinecap": "round",
            "strokeMiterlimit": "4",
            "strokeWidth": 85.33333333333333
          }
        ],
        "isMulticolor": false,
        "isMulticolor2": false,
        "grid": 0,
        "tags": [
          "burger-menu__icon"
        ],
        "colorPermutations": {
          "244244244168642461686424717572218175722191951031171": [
            {
              "s": 0
            },
            {
              "s": 0
            },
            {
              "s": 0
            }
          ]
        }
      },
      "attrs": [
        {
          "fill": "none",
          "strokeLinejoin": "round",
          "strokeLinecap": "round",
          "strokeMiterlimit": "4",
          "strokeWidth": 85.33333333333333
        },
        {
          "fill": "none",
          "strokeLinejoin": "round",
          "strokeLinecap": "round",
          "strokeMiterlimit": "4",
          "strokeWidth": 85.33333333333333
        },
        {
          "fill": "none",
          "strokeLinejoin": "round",
          "strokeLinecap": "round",
          "strokeMiterlimit": "4",
          "strokeWidth": 85.33333333333333
        }
      ],
      "properties": {
        "order": 6,
        "id": 13,
        "name": "burger-menu__icon",
        "prevSize": 32
      },
      "setIdx": 0,
      "setId": 2,
      "iconIdx": 0
    },
    {
      "icon": {
        "paths": [
          "M725.33 127.996h170.67c11.315 0 22.164 4.495 30.167 12.497s12.498 18.854 12.498 30.17v682.668c0 11.315-4.495 22.17-12.498 30.167-8.003 8.003-18.852 12.498-30.167 12.498h-768.002c-11.316 0-22.169-4.495-30.17-12.498-8.002-7.997-12.496-18.852-12.496-30.167v-682.668c0-11.316 4.495-22.168 12.496-30.17s18.854-12.497 30.17-12.497h170.666v-85.333h85.334v85.333h256.002v-85.333h85.33v85.333zM853.33 469.329h-682.665v341.336h682.665v-341.336zM640 213.329h-256.002v85.333h-85.334v-85.333h-128v170.666h682.665v-170.666h-128v85.333h-85.33v-85.333zM255.998 554.665h85.334v85.33h-85.334v-85.33zM469.331 554.665h85.334v85.33h-85.334v-85.33zM682.665 554.665h85.335v85.33h-85.335v-85.33z"
        ],
        "attrs": [
          {
            "fill": "rgb(68, 64, 247)"
          }
        ],
        "isMulticolor": false,
        "isMulticolor2": false,
        "grid": 0,
        "tags": [
          "calendar__icon"
        ],
        "colorPermutations": {
          "244244244168642461686424717572218175722191951031171": [
            {
              "f": 3
            }
          ]
        }
      },
      "attrs": [
        {
          "fill": "rgb(68, 64, 247)"
        }
      ],
      "properties": {
        "order": 7,
        "id": 12,
        "name": "calendar__icon",
        "prevSize": 32
      },
      "setIdx": 0,
      "setId": 2,
      "iconIdx": 1
    },
    {
      "icon": {
        "paths": [
          "M120.32 292.571l-120.32 111.343 512 473.8 512-473.8-120.32-111.343-391.68 361.667-391.68-361.667z"
        ],
        "attrs": [
          {
            "fill": "rgb(68, 64, 246)"
          }
        ],
        "isMulticolor": false,
        "isMulticolor2": false,
        "grid": 0,
        "tags": [
          "down-arrow__icon"
        ],
        "colorPermutations": {
          "244244244168642461686424717572218175722191951031171": [
            {
              "f": 4
            }
          ]
        }
      },
      "attrs": [
        {
          "fill": "rgb(68, 64, 246)"
        }
      ],
      "properties": {
        "order": 8,
        "id": 11,
        "name": "down-arrow__icon",
        "prevSize": 32
      },
      "setIdx": 0,
      "setId": 2,
      "iconIdx": 2
    },
    {
      "icon": {
        "paths": [
          "M298.661 128c-117.802 0-213.333 94.549-213.333 211.2 0 94.165 37.334 317.651 404.822 543.571 6.582 4.006 14.14 6.125 21.845 6.125s15.263-2.118 21.845-6.125c367.491-225.92 404.822-449.406 404.822-543.571 0-116.651-95.533-211.2-213.331-211.2-117.805 0-213.336 128-213.336 128s-95.531-128-213.334-128z"
        ],
        "attrs": [
          {
            "fill": "rgb(75, 72, 218)"
          }
        ],
        "isMulticolor": false,
        "isMulticolor2": false,
        "grid": 0,
        "tags": [
          "favorite-ckecked__icon"
        ],
        "colorPermutations": {
          "244244244168642461686424717572218175722191951031171": [
            {
              "f": 1
            }
          ]
        }
      },
      "attrs": [
        {
          "fill": "rgb(75, 72, 218)"
        }
      ],
      "properties": {
        "order": 9,
        "id": 10,
        "name": "favorite-ckecked__icon",
        "prevSize": 32
      },
      "setIdx": 0,
      "setId": 2,
      "iconIdx": 3
    },
    {
      "icon": {
        "paths": [
          "M1024 512c0 282.77-229.23 512-512 512s-512-229.23-512-512c0-282.77 229.23-512 512-512s512 229.23 512 512z",
          "M724.163 334.637c-12.259-12.262-26.813-21.992-42.832-28.63s-33.187-10.054-50.528-10.054c-17.341 0-34.509 3.416-50.528 10.054s-30.573 16.367-42.832 28.63l-25.44 25.44-25.44-25.44c-24.762-24.76-58.342-38.671-93.36-38.671s-68.598 13.91-93.36 38.671c-24.761 24.762-38.671 58.342-38.671 93.36s13.91 68.598 38.671 93.36l212.16 212.16 212.16-212.16c12.262-12.259 21.994-26.813 28.63-42.832s10.054-33.187 10.054-50.528c0-17.341-3.418-34.509-10.054-50.528s-16.368-30.573-28.63-42.832v0z"
        ],
        "attrs": [
          {
            "fill": "rgb(68, 64, 246)"
          },
          {
            "fill": "none",
            "stroke": "rgb(244, 244, 244)",
            "strokeLinejoin": "round",
            "strokeLinecap": "round",
            "strokeMiterlimit": "4",
            "strokeWidth": 32
          }
        ],
        "isMulticolor": false,
        "isMulticolor2": true,
        "grid": 0,
        "tags": [
          "favorites__icon"
        ],
        "colorPermutations": {
          "244244244168642461686424717572218175722191951031171": [
            {
              "f": 4
            },
            {
              "s": 5
            }
          ]
        }
      },
      "attrs": [
        {
          "fill": "rgb(68, 64, 246)"
        },
        {
          "fill": "none",
          "stroke": "rgb(244, 244, 244)",
          "strokeLinejoin": "round",
          "strokeLinecap": "round",
          "strokeMiterlimit": "4",
          "strokeWidth": 32
        }
      ],
      "properties": {
        "order": 10,
        "id": 9,
        "name": "favorites__icon",
        "prevSize": 32
      },
      "setIdx": 0,
      "setId": 2,
      "iconIdx": 4
    },
    {
      "icon": {
        "paths": [
          "M298.662 128c-117.803 0-213.334 94.549-213.334 211.2 0 94.165 37.334 317.651 404.821 543.571 6.583 4.006 14.14 6.125 21.846 6.125s15.263-2.118 21.845-6.125c367.491-225.92 404.822-449.406 404.822-543.571 0-116.651-95.533-211.2-213.331-211.2-117.806 0-213.336 128-213.336 128s-95.531-128-213.333-128z"
        ],
        "attrs": [
          {
            "fill": "none",
            "stroke": "rgb(68, 64, 247)",
            "strokeLinejoin": "round",
            "strokeLinecap": "round",
            "strokeMiterlimit": "4",
            "strokeWidth": 64
          }
        ],
        "isMulticolor": false,
        "isMulticolor2": false,
        "grid": 0,
        "tags": [
          "favorite-unckecked__icon"
        ],
        "colorPermutations": {
          "244244244168642461686424717572218175722191951031171": [
            {
              "s": 3
            }
          ]
        }
      },
      "attrs": [
        {
          "fill": "none",
          "stroke": "rgb(68, 64, 247)",
          "strokeLinejoin": "round",
          "strokeLinecap": "round",
          "strokeMiterlimit": "4",
          "strokeWidth": 64
        }
      ],
      "properties": {
        "order": 11,
        "id": 8,
        "name": "favorite-unckecked__icon",
        "prevSize": 32
      },
      "setIdx": 0,
      "setId": 2,
      "iconIdx": 5
    },
    {
      "icon": {
        "paths": [
          "M1024 512c0 282.77-229.23 512-512 512s-512-229.23-512-512c0-282.77 229.23-512 512-512s512 229.23 512 512z",
          "M296 440l216-168 216 168v264c0 12.73-5.056 24.941-14.058 33.942s-21.213 14.058-33.942 14.058h-336c-12.73 0-24.94-5.056-33.941-14.058s-14.059-21.213-14.059-33.942v-264z",
          "M440 752v-240h144v240"
        ],
        "attrs": [
          {
            "fill": "rgb(68, 64, 246)"
          },
          {
            "fill": "none",
            "stroke": "rgb(244, 244, 244)",
            "strokeLinejoin": "round",
            "strokeLinecap": "round",
            "strokeMiterlimit": "4",
            "strokeWidth": 32
          },
          {
            "fill": "none",
            "stroke": "rgb(244, 244, 244)",
            "strokeLinejoin": "round",
            "strokeLinecap": "round",
            "strokeMiterlimit": "4",
            "strokeWidth": 32
          }
        ],
        "isMulticolor": false,
        "isMulticolor2": true,
        "grid": 0,
        "tags": [
          "home__icon"
        ],
        "colorPermutations": {
          "244244244168642461686424717572218175722191951031171": [
            {
              "f": 4
            },
            {
              "s": 5
            },
            {
              "s": 5
            }
          ]
        }
      },
      "attrs": [
        {
          "fill": "rgb(68, 64, 246)"
        },
        {
          "fill": "none",
          "stroke": "rgb(244, 244, 244)",
          "strokeLinejoin": "round",
          "strokeLinecap": "round",
          "strokeMiterlimit": "4",
          "strokeWidth": 32
        },
        {
          "fill": "none",
          "stroke": "rgb(244, 244, 244)",
          "strokeLinejoin": "round",
          "strokeLinecap": "round",
          "strokeMiterlimit": "4",
          "strokeWidth": 32
        }
      ],
      "properties": {
        "order": 12,
        "id": 6,
        "name": "home__icon",
        "prevSize": 32
      },
      "setIdx": 0,
      "setId": 2,
      "iconIdx": 7
    },
    {
      "icon": {
        "paths": [
          "M1024 512c0 282.77-229.23 512-512 512s-512-229.23-512-512c0-282.77 229.23-512 512-512s512 229.23 512 512z",
          "M272 296h144c25.459 0 49.878 10.114 67.882 28.118s28.118 42.422 28.118 67.882v336c0-19.094-7.587-37.408-21.088-50.912-13.504-13.501-31.818-21.088-50.912-21.088h-168v-360z",
          "M752 296h-144c-25.459 0-49.878 10.114-67.882 28.118s-28.118 42.422-28.118 67.882v336c0-19.094 7.587-37.408 21.088-50.912 13.504-13.501 31.818-21.088 50.912-21.088h168v-360z"
        ],
        "attrs": [
          {
            "fill": "rgb(68, 64, 246)"
          },
          {
            "fill": "none",
            "stroke": "rgb(244, 244, 244)",
            "strokeLinejoin": "round",
            "strokeLinecap": "round",
            "strokeMiterlimit": "4",
            "strokeWidth": 32
          },
          {
            "fill": "none",
            "stroke": "rgb(244, 244, 244)",
            "strokeLinejoin": "round",
            "strokeLinecap": "round",
            "strokeMiterlimit": "4",
            "strokeWidth": 32
          }
        ],
        "isMulticolor": false,
        "isMulticolor2": true,
        "grid": 0,
        "tags": [
          "read__icon"
        ],
        "colorPermutations": {
          "244244244168642461686424717572218175722191951031171": [
            {
              "f": 4
            },
            {
              "s": 5
            },
            {
              "s": 5
            }
          ]
        }
      },
      "attrs": [
        {
          "fill": "rgb(68, 64, 246)"
        },
        {
          "fill": "none",
          "stroke": "rgb(244, 244, 244)",
          "strokeLinejoin": "round",
          "strokeLinecap": "round",
          "strokeMiterlimit": "4",
          "strokeWidth": 32
        },
        {
          "fill": "none",
          "stroke": "rgb(244, 244, 244)",
          "strokeLinejoin": "round",
          "strokeLinecap": "round",
          "strokeMiterlimit": "4",
          "strokeWidth": 32
        }
      ],
      "properties": {
        "order": 13,
        "id": 4,
        "name": "read__icon",
        "prevSize": 32
      },
      "setIdx": 0,
      "setId": 2,
      "iconIdx": 9
    },
    {
      "icon": {
        "paths": [
          "M449.12 767.995c79.718-0.016 157.141-25.368 219.934-72.020l197.438 187.564 63.504-60.335-197.433-187.559c49.13-59.661 75.835-133.231 75.857-208.983 0-188.203-161.194-341.333-359.301-341.333-198.108 0-359.298 153.131-359.298 341.333 0 188.201 161.19 341.333 359.298 341.333zM449.12 170.663c148.615 0 269.474 114.816 269.474 255.999s-120.859 256.001-269.474 256.001c-148.615 0-269.474-114.817-269.474-256.001s120.859-255.999 269.474-255.999z"
        ],
        "attrs": [
          {}
        ],
        "width": 1078,
        "isMulticolor": false,
        "isMulticolor2": false,
        "grid": 0,
        "tags": [
          "search__icon"
        ],
        "colorPermutations": {
          "244244244168642461686424717572218175722191951031171": [
            {}
          ]
        }
      },
      "attrs": [
        {}
      ],
      "properties": {
        "order": 14,
        "id": 3,
        "name": "search__icon",
        "prevSize": 32
      },
      "setIdx": 0,
      "setId": 2,
      "iconIdx": 10
    },
    {
      "icon": {
        "paths": [
          "M896 545.704c-6.71 72.631-33.968 141.844-78.58 199.543-44.612 57.705-104.736 101.508-173.334 126.284-68.598 24.781-142.838 29.511-214.026 13.634-71.188-15.872-136.384-51.692-187.959-103.263-51.574-51.575-87.394-116.77-103.267-187.963-15.873-71.188-11.144-145.424 13.634-214.023s68.581-128.722 126.283-173.335c57.701-44.613 126.916-71.87 199.543-78.581-42.521 57.526-62.983 128.403-57.663 199.74s36.067 138.396 86.652 188.98c50.581 50.581 117.638 81.33 188.977 86.65s142.214-15.141 199.739-57.666v0z"
        ],
        "attrs": [
          {
            "fill": "none",
            "stroke": "rgb(95, 103, 117)",
            "strokeLinejoin": "round",
            "strokeLinecap": "round",
            "strokeMiterlimit": "4",
            "strokeWidth": 73.14285714285714
          }
        ],
        "isMulticolor": false,
        "isMulticolor2": false,
        "grid": 0,
        "tags": [
          "theme-dark__icon"
        ],
        "colorPermutations": {
          "244244244168642461686424717572218175722191951031171": [
            {
              "s": 0
            }
          ]
        }
      },
      "attrs": [
        {
          "fill": "none",
          "stroke": "rgb(95, 103, 117)",
          "strokeLinejoin": "round",
          "strokeLinecap": "round",
          "strokeMiterlimit": "4",
          "strokeWidth": 73.14285714285714
        }
      ],
      "properties": {
        "order": 15,
        "id": 2,
        "name": "theme-dark__icon",
        "prevSize": 32
      },
      "setIdx": 0,
      "setId": 2,
      "iconIdx": 11
    },
    {
      "icon": {
        "paths": [
          "M512.005 56.887v82.747M512.005 884.361v82.749M190.116 190.11l58.751 58.751M775.139 775.134l58.753 58.753M56.893 512h82.747M884.365 512h82.749M190.116 833.887l58.751-58.753M775.139 248.861l58.753-58.751M718.872 512c0 114.249-92.618 206.868-206.868 206.868-114.251 0-206.869-92.618-206.869-206.868 0-114.253 92.618-206.87 206.869-206.87 114.249 0 206.868 92.618 206.868 206.87z"
        ],
        "attrs": [
          {
            "fill": "none",
            "stroke": "rgb(75, 72, 219)",
            "strokeLinejoin": "round",
            "strokeLinecap": "round",
            "strokeMiterlimit": "4",
            "strokeWidth": 73.14285714285714
          }
        ],
        "isMulticolor": false,
        "isMulticolor2": false,
        "grid": 0,
        "tags": [
          "theme-ligth__icon"
        ],
        "colorPermutations": {
          "244244244168642461686424717572218175722191951031171": [
            {
              "s": 2
            }
          ]
        }
      },
      "attrs": [
        {
          "fill": "none",
          "stroke": "rgb(75, 72, 219)",
          "strokeLinejoin": "round",
          "strokeLinecap": "round",
          "strokeMiterlimit": "4",
          "strokeWidth": 73.14285714285714
        }
      ],
      "properties": {
        "order": 16,
        "id": 1,
        "name": "theme-ligth__icon",
        "prevSize": 32
      },
      "setIdx": 0,
      "setId": 2,
      "iconIdx": 12
    },
    {
      "icon": {
        "paths": [
          "M120.32 804.571l-120.32-111.343 512-473.8 512 473.8-120.32 111.343-391.68-361.667-391.68 361.667z"
        ],
        "attrs": [
          {
            "fill": "rgb(68, 64, 246)"
          }
        ],
        "isMulticolor": false,
        "isMulticolor2": false,
        "grid": 0,
        "tags": [
          "up-arrow__icon"
        ],
        "colorPermutations": {
          "244244244168642461686424717572218175722191951031171": [
            {
              "f": 4
            }
          ]
        }
      },
      "attrs": [
        {
          "fill": "rgb(68, 64, 246)"
        }
      ],
      "properties": {
        "order": 17,
        "id": 0,
        "name": "up-arrow__icon",
        "prevSize": 32
      },
      "setIdx": 0,
      "setId": 2,
      "iconIdx": 13
    }
  ],
  "height": 1024,
  "preferences": {
    "showGlyphs": true,
    "showQuickUse": true,
    "showQuickUse2": true,
    "showSVGs": true,
    "fontPref": {
      "prefix": "icon-",
      "metadata": {
        "fontFamily": "icomoon"
      },
      "metrics": {
        "emSize": 1024,
        "baseline": 6.25,
        "whitespace": 50
      },
      "embed": false
    },
    "imagePref": {
      "prefix": "icon-",
      "png": true,
      "useClassSelector": true,
      "color": 0,
      "bgColor": 16777215,
      "classSelector": ".icon",
      "name": "icomoon"
    },
    "historySize": 50,
    "showCodes": true,
    "gridSize": 16
  }
}